No.,検索クエリ, 表示回数 , クリック数▼ , CTR , 掲載順位 
1,アイムユニバース,2207,737,33.39%,1
2,アイムユニバース 篠原,250,199,79.60%,1
3,バシレイオン,624,175,28.04%,1
4,鳥のフン 掃除,983,175,17.80%,1
5,鳩のフン 掃除,673,150,22.29%,1
6,アイムユニバース 沖縄,232,128,55.17%,1
7,キャンプ パン焼き,579,122,21.07%,3
8,バーベキュー 肉 仕込み,262,118,45.04%,1
9,株式会社アイム・ユニバース,123,71,57.72%,1
10,鳩のフン 掃除 洗剤,141,69,48.94%,1
11,アイムユニバース 建売 評判,337,65,19.29%,1
12,屋上 タープ,186,62,33.33%,1
13,アイム・ユニバース,179,59,32.96%,1
14,鳩のフン,797,56,7.03%,2
15,ベランダ 鳥のふん 掃除,264,56,21.21%,1
16,バシレイオン 評判,151,55,36.42%,1
17,屋上 キャンプ,155,54,34.84%,1
18,キャンプ パン,959,52,5.42%,7
19,bbq 肉 仕込み,140,51,36.43%,1
20,ベランダ 鳩のフン,94,47,50%,1
21,鳩 フン 掃除,129,44,34.11%,1
22,ベランダ サウナ,124,44,35.48%,2
23,屋上菜園,312,41,13.14%,1
24,屋上 焚き火,71,41,57.75%,1
25,屋上キャンプ,127,40,31.50%,1
26,スキレット パン,378,36,9.52%,7
27,株式会社アイムユニバース,55,35,63.64%,1
28,自転車 鳥のフン 掃除,36,33,91.67%,1
29,テントサウナ 自宅,317,30,9.46%,6
30,テントサウナ ベランダ,132,30,22.73%,3
31,ダッチオーブン パン 自宅,91,30,32.97%,3
32,エアリアルヨガ 効果,288,29,10.07%,1
33,キャンプ パン スキレット,103,29,28.16%,2
34,自宅にサウナを作る,122,29,23.77%,2
35,鳩 ベランダ 漂白剤,370,29,7.84%,5
36,アイムユニバース 評判,171,28,16.37%,2
37,鳥のフン 洗剤,48,26,54.17%,2
38,雨の日が楽しくなる方法,46,26,56.52%,1
39,センスのいい ディスプレイ,439,26,5.92%,6
40,ぐっすり眠れる部屋,180,25,13.89%,1
41,スキレット パン キャンプ,82,25,30.49%,1
42,aim universe,41,24,58.54%,1
43,自宅 露天風呂,97,24,24.74%,2
44,鳥フン 掃除,106,23,21.70%,1
45,庭 タープ 常設,159,23,14.47%,5
46,アイムユニバース建設,71,23,32.39%,1
47,鳩フン 掃除,90,23,25.56%,1
48,アイムユニバース 社長,113,23,20.35%,2
49,ルーフバルコニー 風対策,73,22,30.14%,3
50,鳥の糞 掃除,72,22,30.56%,1
51,屋上 バーベキュー 自宅,62,21,33.87%,3
52,屋上 テント 固定,56,21,37.50%,3
53,ベランピング ハンモック,42,20,47.62%,2
54,家 露天風呂 費用,55,20,36.36%,1
55,キャンプでパンを焼く,136,20,14.71%,3
56,屋上 バーベキュー,340,19,5.59%,6
57,ダッチオーブン パン ガスコンロ,152,19,12.50%,10
58,ガゼボ 台風,71,19,26.76%,2
59,露天風呂 自宅 費用,28,18,64.29%,1
60,ホームパーティー,947,18,1.90%,12
61,タープ コンクリート,112,18,16.07%,7
62,自宅 露天風呂 費用,50,18,36%,2
63,屋上 芝生,54,18,33.33%,2
64,鳥のフン 白い 掃除,35,18,51.43%,1
65,ルーフバルコニー 台風,29,18,62.07%,1
66,ベランダ 鳩のフン 掃除,36,17,47.22%,1
67,おうちキャンプ テント,91,17,18.68%,3
68,屋上バーベキュー 自宅,67,17,25.37%,3
69,バーベキュー ステーキ 下ごしらえ,31,17,54.84%,2
70,タープ 屋上,48,16,33.33%,1
71,屋上 diy,78,16,20.51%,2
72,アイムユニバース 値引き,59,16,27.12%,1
73,屋上 グランピング 自宅,42,16,38.10%,4
74,屋上で焚き火,25,16,64%,1
75,サウナ 作る,101,16,15.84%,3
76,鳥のふん 掃除,67,16,23.88%,1
77,屋上 掃除,22,16,72.73%,1
78,屋上菜園 初心者,25,15,60%,1
79,バーベキュー 鶏肉 下ごしらえ,50,15,30%,5
80,屋上 タープ 固定,26,15,57.69%,2
81,屋上 ジャグジー 費用,26,15,57.69%,1
82,ラヴィシア寄宮,16,15,93.75%,1
83,ハンモックヨガ 効果,94,15,15.96%,1
84,屋上 テント,72,14,19.44%,4
85,タープ 固定 方法 アスファルト,84,14,16.67%,4
86,屋上 家具 台風,19,14,73.68%,1
87,屋上 植物 おすすめ,28,14,50%,2
88,オンラインライブ 食べ物,44,14,31.82%,3
89,屋上 畑,32,14,43.75%,2
90,(株)アイム・ユニバース,21,14,66.67%,1
91,天体観測 楽しみ方,50,14,28%,4
92,タープ 風速,150,13,8.67%,4
93,ロータスグリル 室内,111,13,11.71%,8
94,ベランピング 一軒家,61,13,21.31%,8
95,屋上 芝生 diy,21,13,61.90%,1
96,屋上 サンルーム 違法,34,13,38.24%,1
97,スキレット パン 直火,71,13,18.31%,4
98,部屋キャンプ テント,27,13,48.15%,2
99,バーベキュー 下ごしらえ,67,13,19.40%,8
100,屋上 サンルーム,37,13,35.14%,1
101,屋上 タープ 支柱,43,13,30.23%,2
102,株式会社 アイム・ユニバース,24,13,54.17%,1
103,屋上 サウナ,66,13,19.70%,2
104,アイムユニバース ヤクルト,58,12,20.69%,1
105,バーベキュー 肉 下味,25,12,48%,1
106,バーベキュー 塊肉 下ごしらえ,25,12,48%,2
107,天体観測 自宅,22,12,54.55%,1
108,屋上 ジャグジー,22,12,54.55%,2
109,キャンプ 肉 仕込み,74,12,16.22%,2
110,露天風呂 自宅,45,12,26.67%,3
111,バーベキュー 下味,17,12,70.59%,1
112,バシレイオン金町,26,12,46.15%,1
113,バシレイオン下北沢,20,12,60%,1
114,屋外 ソファ 雨,25,12,48%,2
115,キャンプ オーブン 代用,37,12,32.43%,3
116,ダッチオーブン レシピ,448,11,2.46%,25
117,屋上キャンプ 自宅,25,11,44%,4
118,空中ヨガ 効果,62,11,17.74%,1
119,鳩のフン 対策,32,11,34.38%,9
120,女子会 家 パーティー,32,11,34.38%,3
121,コッヘル クッカー 違い,402,11,2.74%,7
122,屋上テラス,187,11,5.88%,1
123,屋上 ドッグラン,29,11,37.93%,2
124,庭にサウナ,52,11,21.15%,9
125,サウナを作る,130,11,8.46%,3
126,燻製 食材 下ごしらえなし,92,11,11.96%,9
127,バシレイオン久が原,16,11,68.75%,1
128,屋上 ソファ,24,11,45.83%,1
129,外の空気を吸う 効果,30,11,36.67%,1
130,家の中 テント,71,11,15.49%,9
131,キャンプ飯 缶詰 直火,124,11,8.87%,5
132,体を緩める,50,11,22%,5
133,ベランピング 虫対策,32,11,34.38%,1
134,パティオヒーター,40,11,27.50%,4
135,自宅 サウナ ベランダ,18,11,61.11%,1
136,屋上サウナ,47,11,23.40%,3
137,フィンガーフード,34,10,29.41%,14
138,庭 テント 張りっぱなし,61,10,16.39%,10
139,ベランダバーベキュー 煙対策,49,10,20.41%,5
140,アイムユニバース 炎上,147,10,6.80%,1
141,鳥のフン アルコール,84,10,11.90%,5
142,バーベキュー 仕込み 肉,15,10,66.67%,1
143,アイムユニバース 坪単価,57,10,17.54%,1
144,寝る前の過ごし方,49,10,20.41%,4
145,家パーティー,148,10,6.76%,9
146,家庭菜園 屋上,20,10,50%,3
147,庭 タープ 張り方,20,10,50%,3
148,大人モダン インテリア,44,10,22.73%,8
149,女子会 家,61,10,16.39%,7
150,鳥のフン 対策 屋根,24,10,41.67%,1
151,屋根 鳩 対策,21,9,42.86%,5
152,テラス 虫除け,64,9,14.06%,1
153,配信ライブ 食べ物,11,9,81.82%,1
154,ハエ 寄せ付けない,114,9,7.89%,10
155,ハンモック 屋外 雨,31,9,29.03%,7
156,自宅に露天風呂,25,9,36%,2
157,03-5347-2707,17,9,52.94%,1
158,キャンプでパンを焼く方法,15,9,60%,1
159,自宅 サウナ,33,9,27.27%,15
160,屋上農園,23,9,39.13%,3
161,寝る前 過ごし方,30,9,30%,4
162,アイム・ユニバース建設,18,9,50%,1
163,コンクリート タープ,48,9,18.75%,5
164,鳥 フン 掃除,35,9,25.71%,1
165,家キャンプ テント,45,9,20%,5
166,家でパーティー,79,9,11.39%,8
167,ベランピング,160,9,5.63%,20
168,キャンプ パン フライパン,131,9,6.87%,7
169,カラスのフン 掃除,114,9,7.89%,1
170,屋上 風呂,16,9,56.25%,2
171,ロータスグリル 使い方,43,9,20.93%,5
172,屋上 芝生 デメリット,18,9,50%,2
173,家 パーティー,113,9,7.96%,12
174,屋上 物干し,14,9,64.29%,1
175,おうちキャンプ 室内,136,9,6.62%,8
176,キャンプ飯 冬,73,8,10.96%,16
177,鳩のフンの掃除の仕方,16,8,50%,1
178,一戸建て 屋上 バーベキュー,33,8,24.24%,4
179,ルーフバルコニー 強風対策,17,8,47.06%,3
180,屋上 pv バンド,17,8,47.06%,1
181,屋上 家庭菜園,19,8,42.11%,2
182,女子会 自宅,13,8,61.54%,2
183,自宅 バーベキュー 煙対策,17,8,47.06%,2
184,バシレイオン琉球,12,8,66.67%,1
185,お家キャンプ テント,34,8,23.53%,2
186,バーベキュー 漬け込み,35,8,22.86%,7
187,アイムユニバースてだこホール,191,8,4.19%,2
188,女子会 ホームパーティー メニュー,34,8,23.53%,11
189,株式会社アイム・ユニバース建設,9,8,88.89%,1
190,お家パーティー 女子会,117,8,6.84%,6
191,サウナ 家庭用 屋外,70,8,11.43%,10
192,サウナ ベランダ,25,8,32%,3
193,自宅に露天風呂 費用,15,8,53.33%,1
194,鳩 屋根の上,24,8,33.33%,1
195,鳩 ハイター 嫌い,136,8,5.88%,9
196,屋上 日除け,15,8,53.33%,2
197,鳩のフン ベランダ,14,8,57.14%,1
198,とりのふん 掃除,28,8,28.57%,1
199,屋上 お風呂,14,8,57.14%,2
200,サウナ 屋上,54,8,14.81%,4
201,鳥のフン対策 屋根,14,8,57.14%,1
202,家に露天風呂 費用,10,8,80%,1
203,焚き火 屋上,9,8,88.89%,1
204,バーベキュー 風対策,37,8,21.62%,4
205,屋上 パーゴラ,17,8,47.06%,1
206,キャンプ パン作り,51,8,15.69%,7
207,ベランダ バルコニー どっちがいい,41,8,19.51%,4
208,屋上 パーゴラ 固定,14,8,57.14%,1
209,屋上 洗濯物,19,8,42.11%,1
210,ガーデンソファ 雨,224,8,3.57%,6
211,庭でできる運動,15,8,53.33%,1
212,バシレイオン南橋本,14,8,57.14%,1
213,アウトドア パン,99,8,8.08%,4
214,屋上 風対策,8,7,87.50%,1
215,屋上 mv,13,7,53.85%,1
216,風対策,122,7,5.74%,2
217,屋上 ソファー,12,7,58.33%,1
218,屋上用 家具,10,7,70%,1
219,スキレット オーブン 代用,43,7,16.28%,1
220,アイムユニバース 沖縄 評判,49,7,14.29%,4
221,鳥のフン ベランダ 掃除,17,7,41.18%,2
222,屋上 人工芝 台風,13,7,53.85%,8
223,鳩の糞 掃除,20,7,35%,1
224,ヒヨドリ フン 掃除,15,7,46.67%,1
225,サウナストーブ 自宅,68,7,10.29%,6
226,ガーデンテーブル 台風対策,20,7,35%,1
227,自宅にサウナ,33,7,21.21%,8
228,キャンプ缶詰ランキング,157,7,4.46%,8
229,ロッキングチェア 効果,61,7,11.48%,7
230,ベランダ鳩のフン,10,7,70%,1
231,鳥のフン 落とし方,19,7,36.84%,2
232,大人ハワイアン,20,7,35%,4
233,屋上 屋根 diy,28,7,25%,6
234,ベランダ テント おすすめ,30,7,23.33%,8
235,屋上 照明,20,7,35%,1
236,女子会 ホームパーティー,27,7,25.93%,3
237,屋上ジャグジー,12,7,58.33%,3
238,ベランピング 一人暮らし,25,7,28%,12
239,屋上 リフォーム diy,13,7,53.85%,6
240,天体観測 趣味,38,7,18.42%,10
241,テラスバーベキュー 自宅,27,7,25.93%,3
242,鳩 フン 掃除 洗剤,11,7,63.64%,1
243,キャンプ飯,599,7,1.17%,53
244,鳩のフン 掃除 方法,14,7,50%,1
245,屋上 日よけ,44,7,15.91%,1
246,屋上ドッグラン,13,7,53.85%,2
247,屋上でバーベキュー,23,7,30.43%,5
248,屋上 菜園,26,7,26.92%,1
249,屋上 家具,15,7,46.67%,1
250,雪 溶かす アイディア,102,6,5.88%,9
251,おうちライブ 楽しみ方,31,6,19.35%,2
252,タープ 庭 張り方,28,6,21.43%,2
253,ベランダ フン,20,6,30%,4
254,ダッチオーブン レシピ 家,155,6,3.87%,9
255,タープ 庭 固定,68,6,8.82%,7
256,アウトドアチェア 収納方法,49,6,12.24%,6
257,ロータスグリル 洗い方,9,6,66.67%,1
258,バーベキュー 肉 漬け込み,13,6,46.15%,5
259,牛肉 漬け込み 一晩,32,6,18.75%,10
260,鳥の糞 洗剤,7,6,85.71%,2
261,屋上 プロジェクター,10,6,60%,2
262,バーベキュー 肉 下ごしらえ,11,6,54.55%,6
263,屋上 温室,13,6,46.15%,1
264,鳩 フン,29,6,20.69%,1
265,アイムユニバース 物件,35,6,17.14%,1
266,緑を増やす メリット,22,6,27.27%,4
267,屋上 pv,8,6,75%,1
268,バーベキュー 豚肉 漬け込み,27,6,22.22%,7
269,肉 下ごしらえ,32,6,18.75%,7
270,屋上 バーベキュー 注意点,11,6,54.55%,2
271,屋上 アウトドア,10,6,60%,1
272,テラス用 ソファ,34,6,17.65%,4
273,アウトドアリビング 雨,19,6,31.58%,1
274,パーゴラ 屋上,17,6,35.29%,1
275,鳥のフン クエン酸,20,6,30%,3
276,バルコニー タープ 張り方,18,6,33.33%,9
277,ベランダ 鳥のフン 掃除,13,6,46.15%,1
278,ホームパーティー 準備,36,6,16.67%,5
279,キャンプ飯 缶詰,67,6,8.96%,16
280,屋上 ドッグラン diy,15,6,40%,1
281,屋上タープ,11,6,54.55%,1
282,ベランダにフン,14,6,42.86%,3
283,バシレイオン都立大学,11,6,54.55%,1
284,ウッドデッキ 鳥のフン 掃除,19,6,31.58%,2
285,屋根に鳥のフン,7,6,85.71%,2
286,鳩 フン 対策,20,6,30%,7
287,屋上 目隠し,34,6,17.65%,4
288,サンルーム 屋上,50,6,12%,1
289,サウナ作る,49,6,12.24%,4
290,ベランダ フン 掃除,10,6,60%,1
291,屋上バーベキュー,76,6,7.89%,7
292,ソーラーパネル コンセント 挿すだけ,33,5,15.15%,18
293,バシレイオン十条,12,5,41.67%,2
294,エアリアルヨガ,369,5,1.36%,16
295,屋上テント,18,5,27.78%,4
296,鳩の糞,24,5,20.83%,4
297,配信ライブ 楽しみ方,9,5,55.56%,6
298,スキレットパン,172,5,2.91%,8
299,鳥のフンの掃除,7,5,71.43%,1
300,屋上のある家 雪,10,5,50%,2
301,屋根に鳩 対策,7,5,71.43%,5
302,屋上 野菜,6,5,83.33%,1
303,屋上 天然芝,10,5,50%,2
304,ソファのある暮らし,43,5,11.63%,2
305,鳩のフン 色,22,5,22.73%,5
306,ホームパーティ,50,5,10%,8
307,ベランダ 蚊 対策,26,5,19.23%,9
308,屋上テラス diy,13,5,38.46%,5
309,バーベキュー 煙対策,27,5,18.52%,7
310,自宅 テント,9,5,55.56%,2
311,プール付きの家,55,5,9.09%,10
312,ウッドデッキ タープ 張り方,19,5,26.32%,8
313,屋上 サンルーム 費用,5,5,100%,1
314,バーベキュー 塊肉 漬け込み,10,5,50%,3
315,屋根 鳥のフン 掃除,10,5,50%,1
316,ダッチオーブン 料理,122,5,4.10%,28
317,露天風呂 費用,14,5,35.71%,1
318,ベランダサウナ,9,5,55.56%,2
319,雨の日を楽しむ,19,5,26.32%,7
320,アウトドア テレワーク,60,5,8.33%,6
321,屋上 ハンモック,7,5,71.43%,2
322,屋上 ライト,9,5,55.56%,2
323,ガーデンテーブル 風で飛ばない,47,5,10.64%,4
324,屋上 ゴルフ練習場,10,5,50%,3
325,ひと鍋料理,43,5,11.63%,9
326,つば九郎 cm,8,5,62.50%,2
327,i'mユニバース,16,5,31.25%,1
328,自宅屋上 テント,10,5,50%,2
329,屋上 ウッドデッキ diy,12,5,41.67%,7
330,屋上 テントサウナ,7,5,71.43%,1
331,庭 タープ 柱,9,5,55.56%,12
332,リモートワーク アウトドアチェア,10,5,50%,5
333,バーベキュー 野菜,64,5,7.81%,16
334,鳩 糞 掃除,19,5,26.32%,1
335,屋上 鳥よけ,7,5,71.43%,2
336,スノーピーク パーコレーター ih,21,5,23.81%,5
337,屋上テラス 家具,14,5,35.71%,2
338,鳩 フン ベランダ,9,5,55.56%,2
339,テントサウナ 電気ストーブ,20,5,25%,6
340,テラス キャンプ,36,5,13.89%,2
341,燻製 自宅,33,5,15.15%,26
342,屋上 ビニールハウス,7,5,71.43%,1
343,ベランダ虫除け対策,13,5,38.46%,9
344,庭キャンプ 狭い,17,5,29.41%,8
345,雨を楽しむ方法,19,5,26.32%,5
346,露天風呂 設置,7,5,71.43%,1
347,屋上を楽しむ,6,5,83.33%,1
348,自宅でサウナを作る,22,5,22.73%,2
349,屋上に芝生,13,5,38.46%,1
350,屋上農園 自宅,6,5,83.33%,1
351,鳥のフン 掃除 洗剤,9,5,55.56%,1
352,ベランダ 鳩 フン 掃除,9,4,44.44%,1
353,テラスでバーベキュー,43,4,9.30%,2
354,室内テント 夏,8,4,50%,6
355,キャンプパン,123,4,3.25%,7
356,外 ソファー,12,4,33.33%,7
357,アウトドアチェア テレワーク,47,4,8.51%,4
358,屋外用クッション 雨,6,4,66.67%,2
359,ドッグラン 床材,33,4,12.12%,6
360,露天風呂 施工 費用,10,4,40%,11
361,友達とホームパーティ,7,4,57.14%,6
362,鳥のフン 処理,6,4,66.67%,1
363,屋上 焚火,6,4,66.67%,1
364,bbq 仕込み 肉,9,4,44.44%,3
365,肉 仕込み,6,4,66.67%,2
366,大人の空間,16,4,25%,1
367,家庭用サウナ 屋外,8,4,50%,7
368,女子会メニュー 自宅,8,4,50%,7
369,パンを焼く方法,7,4,57.14%,6
370,庭にタープを張る,16,4,25%,1
371,屋上緑化 メリット,39,4,10.26%,6
372,鳥のフン 掃除 ベランダ,11,4,36.36%,2
373,鳩のうんち,11,4,36.36%,2
374,ルーフバルコニー 家具 雨,5,4,80%,3
375,バルコニー ソファ 雨,12,4,33.33%,4
376,鳥のフン掃除,5,4,80%,1
377,キャンプ飯 簡単,150,4,2.67%,47
378,屋根 鳥のフン,9,4,44.44%,2
379,ビニールプール 収納,9,4,44.44%,2
380,庭 タープ,19,4,21.05%,8
381,屋根の鳩対策,10,4,40%,5
382,鳩 漂白剤,20,4,20%,6
383,鳩フン 対策,5,4,80%,1
384,キャンプ用品 物置,44,4,9.09%,10
385,ウッドデッキにタープを張る,30,4,13.33%,7
386,玄関 鳥のフン 掃除,13,4,30.77%,1
387,バーベキュー テラス 自宅,11,4,36.36%,4
388,コストコ 大型遊具 2021,11,4,36.36%,16
389,bbq 風対策,24,4,16.67%,5
390,ツバメのフン 掃除,94,4,4.26%,3
391,テレワーク アウトドア,25,4,16%,5
392,藍川眞樹,11,4,36.36%,2
393,ベランダ バーベキュー 煙対策,11,4,36.36%,3
394,アイム ユニバース,52,4,7.69%,1
395,クーラーボックス 収納場所,15,4,26.67%,3
396,テントサウナ 自宅屋上,10,4,40%,1
397,おうちでテント,28,4,14.29%,2
398,サウナ 家に作る,51,4,7.84%,6
399,洋楽 屋上 pv,4,4,100%,2
400,ダッチオーブン 普段使い,42,4,9.52%,4
401,テントサウナ 電気,13,4,30.77%,7
402,バーベキューコンロ 収納 家,17,4,23.53%,6
403,パン焼き キャンプ,10,4,40%,3
404,鳥のフン アルコール消毒,8,4,50%,2
405,テラス ストーブ,21,4,19.05%,1
406,家にサウナを作る,7,4,57.14%,3
407,友達 家 ご飯 パーティー,33,4,12.12%,10
408,鳥のフン 落とし方 壁,10,4,40%,4
409,家 タープ 張り方,13,4,30.77%,5
410,キャンプパン焼き,68,4,5.88%,3
411,おうちテント,135,4,2.96%,7
412,てだこホール,974,4,0.41%,10
413,サウナ 作る 費用,43,4,9.30%,9
414,スキレットでパンを焼く,8,4,50%,2
415,家でソロキャンプ,5,4,80%,5
416,ルーフバルコニー 屋上 違い,7,4,57.14%,2
417,屋上 ネット 自宅,7,4,57.14%,8
418,屋上 テント ペグ,5,4,80%,1
419,bbq 漬け込み,25,4,16%,9
420,家にサウナ,48,4,8.33%,9
421,ホームパーティー 種類,25,4,16%,9
422,bbq 下ごしらえ,75,4,5.33%,9
423,バーベキュー 肉 漬け込み タレ 人気,28,4,14.29%,10
424,白い家具 安っぽい,20,4,20%,8
425,屋上にサンルーム,6,4,66.67%,2
426,ルーフバルコニー ソファ,12,4,33.33%,6
427,屋上でキャンプ,6,4,66.67%,1
428,風 対策,26,4,15.38%,1
429,屋外 ソファ,34,4,11.76%,11
430,鳥の糞掃除,7,4,57.14%,1
431,mv ロケ地,78,4,5.13%,6
432,ウッドデッキ 椅子 雨,43,4,9.30%,9
433,屋上 農園,6,4,66.67%,3
434,屋上 サンシェード,12,4,33.33%,3
435,自宅をホテルのような空間に,9,4,44.44%,5
436,屋外ソファ 雨,11,4,36.36%,3
437,本 収納,50,4,8%,24
438,屋上 ポール固定,8,4,50%,5
439,屋上 テント 風,5,4,80%,1
440,屋上 bbq 自宅,5,4,80%,2
441,プール付き 一戸建て,15,4,26.67%,14
442,ロースタイル インテリア,14,4,28.57%,5
443,自宅 サウナ 費用,3,3,100%,16
444,自宅 屋上 天体観測,4,3,75%,2
445,友達 ホームパーティー,3,3,100%,6
446,強風 バーベキュー,11,3,27.27%,6
447,冬キャンプ 朝ごはん,11,3,27.27%,10
448,サウナ 自宅 費用,67,3,4.48%,11
449,屋上 プール 自宅,7,3,42.86%,3
450,株式会社アイムユニバース 評判,6,3,50%,5
451,タープ 屋根,46,3,6.52%,5
452,キャンプ道具 収納,77,3,3.90%,32
453,テレワーク キャンプチェア,20,3,15%,6
454,ライブ配信 プロジェクター,4,3,75%,9
455,テントサウナ 屋上,19,3,15.79%,2
456,自宅サウナ,5,3,60%,16
457,屋上 焚き火 消防法,9,3,33.33%,5
458,テラス ライトアップ,131,3,2.29%,3
459,庭 トレーニング,6,3,50%,7
460,キャンプ飯 パン,82,3,3.66%,8
461,心を緩める,6,3,50%,1
462,ドッグラン 屋上,4,3,75%,1
463,ntt日比谷ビル 屋上 一般,13,3,23.08%,6
464,お家でアフタヌーンティー,47,3,6.38%,10
465,家の中でテント,10,3,30%,9
466,屋上 リビング,3,3,100%,11
467,鳥のフン 掃除 重曹,4,3,75%,5
468,衝撃音 防音,10,3,30%,6
469,屋上 植物,5,3,60%,6
470,テラス バーベキュー 自宅,29,3,10.34%,3
471,バーベキュー 肉 漬け込み 玉ねぎ,5,3,60%,1
472,アイムユニバース てだこホール,43,3,6.98%,2
473,メスティン パエリア,14,3,21.43%,19
474,自宅 天体観測,3,3,100%,1
475,屋上栽培,8,3,37.50%,1
476,キャンプ パン 焼く,54,3,5.56%,4
477,ベランダ 暖かく,3,3,100%,2
478,アイムユニバース 口コミ,16,3,18.75%,4
479,キャンプ 絶品料理,18,3,16.67%,29
480,鳥のフン 落とし方 自転車,8,3,37.50%,3
481,インテリア 楽しい,19,3,15.79%,3
482,上質感,9,3,33.33%,5
483,おもてなし 準備,18,3,16.67%,3
484,屋上風呂,4,3,75%,2
485,道路 鳥のフン 掃除,4,3,75%,1
486,屋上プール 自宅,6,3,50%,3
487,鳩が来なくなる方法,7,3,42.86%,22
488,bbq ステーキ肉 下ごしらえ,4,3,75%,3
489,屋上 おしゃれ diy,5,3,60%,9
490,屋上 テラス,19,3,15.79%,1
491,自宅でパーティー,12,3,25%,9
492,屋上サンルーム,4,3,75%,2
493,バーベキュー 肉 味付け,5,3,60%,4
494,屋上にお風呂,4,3,75%,2
495,ベランダ 虫対策,25,3,12%,8
496,天体観測 趣味 初心者,5,3,60%,4
497,キャンプ 缶詰,57,3,5.26%,19
498,ハンモック 屋上,7,3,42.86%,1
499,屋上 遊び場,4,3,75%,3
500,ベランダの鳥のフン 掃除,4,3,75%,1
501,家庭用サウナ おすすめ,3,3,100%,9
502,家で露天風呂,3,3,100%,3
503,庭 運動,6,3,50%,6
504,グランピング風 インテリア,57,3,5.26%,3
505,屋上 bbq,39,3,7.69%,6
506,テラスキャンプ,20,3,15%,2
507,鳩対策,25,3,12%,27
508,テラス ソファ 雨,43,3,6.98%,2
509,誕生日 料理 おしゃれ,10,3,30%,19
510,サンルームのある家,137,3,2.19%,7
511,ガゼボ 庭 台風,21,3,14.29%,7
512,キャンプ用品 収納 物置,26,3,11.54%,10
513,屋上 太陽光発電,4,3,75%,3
514,家 タープ,7,3,42.86%,11
515,ダッチオーブン パン,108,3,2.78%,18
516,バーベキュー 前菜,9,3,33.33%,9
517,ダッチオーブン 簡単レシピ,17,3,17.65%,12
518,オンラインコンサート 楽しみ方,15,3,20%,7
519,屋上 物干し 固定,8,3,37.50%,4
520,鳩対策 屋根,13,3,23.08%,7
521,サウナ 自宅,61,3,4.92%,14
522,ウッドデッキ 強風対策,39,3,7.69%,7
523,アイムユニバース 採用,24,3,12.50%,1
524,テレワーク アウトドアチェア,25,3,12%,4
525,冬 バーベキュー 自宅 寒さ対策,6,3,50%,1
526,屋上bbq,27,3,11.11%,7
527,屋上 子供 遊び場 家,7,3,42.86%,4
528,露天風呂 屋上,3,3,100%,1
529,バーベキュー 下ごしらえ 肉,4,3,75%,1
530,鳩のフン 洗剤,3,3,100%,1
531,屋上 ゴルフ,4,3,75%,2
532,アウトドアリビング 家具 雨,15,3,20%,1
533,パーゴラ おしゃれ,45,3,6.67%,1
534,自宅で露天風呂,4,3,75%,1
535,鳩 屋根 対策,9,3,33.33%,4
536,屋上 ベランダ,10,3,30%,5
537,ルーフバルコニー ソファ 雨,5,3,60%,3
538,屋上 映画,6,3,50%,1
539,屋上 おしゃれ,14,3,21.43%,10
540,自宅露天風呂,14,3,21.43%,3
541,ステーキ 下ごしらえ 前日,116,3,2.59%,9
542,戸建て 屋上 バーベキュー,7,3,42.86%,5
543,屋上 農業,3,3,100%,3
544,体 緩める,15,3,20%,3
545,クッカー パン焼く,21,3,14.29%,4
546,屋上 子供 遊び場,5,3,60%,7
547,キャンプ マット,499,3,0.60%,34
548,屋上 タープテント,7,3,42.86%,1
549,屋上にテント,3,3,100%,7
550,鳥のフン 臭い消し,3,3,100%,2
551,自宅露天風呂費用,6,3,50%,2
552,天体望遠鏡 楽しみ方,3,3,100%,6
553,物置 キャンプ用品 カビ,7,3,42.86%,5
554,ロータスグリル テーブル,5,3,60%,10
555,タープ コンクリートの上,22,3,13.64%,3
556,風が強いと感じる風速は,5,3,60%,1
557,燻製 魅力,8,3,37.50%,6
558,ウッドデッキ タープ 常設,59,3,5.08%,9
559,お家キャンプ,46,3,6.52%,12
560,ベランピング 雨,11,3,27.27%,7
561,屋外ソファー 雨,7,3,42.86%,3
562,キャンプ あったか 料理,32,3,9.38%,8
563,シンプルモダンインテリア,860,3,0.35%,1
564,バーベキュー 仕込み,19,3,15.79%,7
565,女子会 家 料理,4,3,75%,11
566,屋上緑化 芝生,25,3,12%,4
567,デッキソファー,15,3,20%,5
568,水遊び アイデア,6,3,50%,8
569,プール メンテナンス,11,3,27.27%,1
570,漬け込み肉 バーベキュー,5,3,60%,3
571,鳥の羽 掃除,7,3,42.86%,5
572,バルコニー サウナ,11,3,27.27%,5
573,プール付き 物件 一戸建て 沖縄,5,3,60%,13
574,物置 キャンプ用品 収納,6,3,50%,7
575,自宅でアフタヌーンティー,13,3,23.08%,11
576,サンルーム,511,3,0.59%,41
577,家でテント,5,3,60%,2
578,キャンプ料理 おしゃれ,15,3,20%,21
579,豚肉 漬け込み バーベキュー,6,3,50%,10
580,デスクライト 置き方,12,3,25%,9
581,クーラーボックス 自宅 活用,50,3,6%,4
582,屋上 太陽光,3,3,100%,3
583,バルコニー インテリア 雨,15,3,20%,10
584,パン キャンプ,18,3,16.67%,7
585,一軒家 屋上 バーベキュー,2,2,100%,5
586,屋上 ヨガ,3,2,66.67%,2
587,キャンプ スイーツ,8,2,25%,28
588,dr.clo,14,2,14.29%,11
589,友達と家でパーティー,8,2,25%,6
590,テラス 焚き火,18,2,11.11%,2
591,ベランダ ソファ 雨,8,2,25%,6
592,キャンプご飯 冬,9,2,22.22%,19
593,テラス 台風,83,2,2.41%,4
594,キャンプ 缶詰 直火,117,2,1.71%,10
595,屋外リビング,4,2,50%,11
596,眠る前に,5,2,40%,7
597,グランピング 家具,28,2,7.14%,1
598,キャンプ 飯,412,2,0.49%,56
599,パラソルヒーター パティオヒーター 違い,4,2,50%,1
600,友達 パーティー,9,2,22.22%,10
601,パーティ 家,4,2,50%,6
602,屋上 キャンプ 自宅,2,2,100%,1
603,庭に露天風呂 費用,3,2,66.67%,1
604,カフェインなし温かい飲み物,12,2,16.67%,14
605,鳩撃退方法,3,2,66.67%,30
606,テレワーク キャンプ用品,21,2,9.52%,6
607,屋上でできる遊び,4,2,50%,4
608,アイユニバース,34,2,5.88%,1
609,ダッジオーブン レシピ,14,2,14.29%,20
610,ルーフバルコニー ドッグラン,5,2,40%,11
611,ソーラーパネル 屋上,18,2,11.11%,3
612,シンプルモダン,766,2,0.26%,10
613,屋上露天風呂 住宅,3,2,66.67%,5
614,ワークスペース 照明,3,2,66.67%,11
615,bbq 屋上,60,2,3.33%,7
616,お家でライブ,14,2,14.29%,3
617,庭にサウナを作る,4,2,50%,7
618,友達の家 パーティー,5,2,40%,5
619,屋上テラス 戸建て,3,2,66.67%,12
620,鳩のフン 臭い,4,2,50%,8
621,ポリコットン テント,8,2,25%,26
622,自宅 サウナ&サウナ,3,2,66.67%,8
623,サンシェード 屋上,4,2,50%,3
624,鳥フン 洗剤,6,2,33.33%,3
625,屋上パーゴラ,5,2,40%,1
626,bbq パン 焼き方,16,2,12.50%,6
627,テラス 芝生,19,2,10.53%,1
628,usb暖房 キャンプ,19,2,10.53%,5
629,サンルーム カーテン 後付け,8,2,25%,14
630,プロジェクター ライブ配信,2,2,100%,11
631,ベランダ ライトアップ,2,2,100%,14
632,屋上 家具 雨,2,2,100%,1
633,リモートワーク ベランダ,4,2,50%,39
634,キャンプ パンを焼く,36,2,5.56%,4
635,鳩が来 なくなる 方法,2,2,100%,22
636,庭 遊具 おすすめ,2,2,100%,28
637,バーベキュー ステーキ 漬け込み,2,2,100%,4
638,ホームパーティー 友達,5,2,40%,6
639,テントサウナ 庭,8,2,25%,19
640,ウッドデッキ ランタン,92,2,2.17%,3
641,サウナ 屋外設置,12,2,16.67%,6
642,おもちゃ 多すぎる,41,2,4.88%,6
643,アウトドアソファ 防水,16,2,12.50%,4
644,寝る前 趣味,5,2,40%,8
645,庭 ソファ 雨,5,2,40%,4
646,ダッチオーブン スイーツ,6,2,33.33%,28
647,屋根の上の雪,4,2,50%,1
648,屋上 バーベキュー 消防法,6,2,33.33%,7
649,ベランダに虫が来ないようにするには,10,2,20%,6
650,クールモダン インテリア,20,2,10%,3
651,鳩 うんこ,2,2,100%,2
652,バシレイオン 意味,9,2,22.22%,2
653,アウトドアリビング,323,2,0.62%,25
654,バルコニー 虫除け,8,2,25%,10
655,鳩よけ,19,2,10.53%,35
656,女子会 おうち パーティー,2,2,100%,8
657,サンルーム 家,63,2,3.17%,6
658,鳥のフン 同じ場所,2,2,100%,5
659,ジャグジー 屋上,18,2,11.11%,2
660,狭い庭でキャンプ,3,2,66.67%,9
661,モバイルバッテリー 暖房 キャンプ,4,2,50%,5
662,アウトドア マグカップ,215,2,0.93%,19
663,屋上 太陽光パネル,10,2,20%,4
664,屋上diy,5,2,40%,1
665,ハンモックヨガ,19,2,10.53%,19
666,おしゃれホームパーティー,23,2,8.70%,6
667,フィンガーフード ピンチョス,2,2,100%,8
668,鳩のフン掃除,2,2,100%,1
669,屋上でバーベキュー できる家,2,2,100%,11
670,鳥のフン落とし方,2,2,100%,1
671,エアリアルヨガ 工務店,14,2,14.29%,4
672,外壁 鳥のフン 掃除 洗剤,2,2,100%,10
673,ルーフバルコニー ソファー,4,2,50%,4
674,キャンプ風 インテリア,29,2,6.90%,3
675,自宅 プール 消毒,8,2,25%,8
676,ソファーのある暮らし,17,2,11.76%,2
677,沖縄 プール付き 一軒家,5,2,40%,20
678,リモートワーク デスクライト,2,2,100%,15
679,ステーキ 下ごしらえ,40,2,5%,18
680,屋上照明,4,2,50%,1
681,自宅でテント,4,2,50%,4
682,タープ 家 固定,56,2,3.57%,7
683,アウトドアリビング 屋根付き,11,2,18.18%,5
684,バルコニー用ソファー,8,2,25%,8
685,家に露天風呂を作る,5,2,40%,10
686,ルーフバルコニー タープ 設置,4,2,50%,16
687,屋上 写真,10,2,20%,6
688,屋上 人工芝 デメリット,3,2,66.67%,12
689,バルコニー シェード 台風,3,2,66.67%,11
690,リゾート風 キッチン,4,2,50%,1
691,屋上 花火,5,2,40%,2
692,キャンプ パン焼く,32,2,6.25%,4
693,パーコレーター ih対応,6,2,33.33%,7
694,鳥のフン 洗い方,2,2,100%,3
695,床の音 対策,3,2,66.67%,10
696,荻窪有川ビル,5,2,40%,4
697,ウッドデッキ タープポール,38,2,5.26%,10
698,屋上 パラソル,4,2,50%,7
699,プライベートシネマ,5,2,40%,9
700,家で友達とパーティー,3,2,66.67%,8
701,庭 雨よけ タープ,5,2,40%,10
702,キャンプ用品 どこにしまう,14,2,14.29%,6
703,バーベキューコンロ 収納 屋外,5,2,40%,8
704,パーゴラ,20,2,10%,50
705,パーコレーター ih,7,2,28.57%,8
706,お家アフタヌーンティー,72,2,2.78%,9
707,アイムユニバース スタッフ,18,2,11.11%,1
708,キャンプ用品 収納 マンション,24,2,8.33%,24
709,冬キャンプ飯,2,2,100%,12
710,雨を楽しむ,2,2,100%,15
711,ベランダ テントサウナ,4,2,50%,3
712,愛のままに ロケ地,5,2,40%,7
713,子供 お絵かき道具 収納,3,2,66.67%,27
714,屋上ガーデニング,3,2,66.67%,3
715,ベランダ 物置 台風対策,4,2,50%,11
716,メスティン レシピ,32,2,6.25%,44
717,鳩よけ 屋根,6,2,33.33%,9
718,庭でできる遊び,2,2,100%,27
719,おうちテント 大人,8,2,25%,12
720,テントサウナ 電気式,9,2,22.22%,10
721,女子会 パーティー,7,2,28.57%,19
722,usbグッズ アウトドア,30,2,6.67%,3
723,テレワーク 屋外,16,2,12.50%,7
724,屋外用ソファ 雨,6,2,33.33%,12
725,常設できるテント,2,2,100%,6
726,バーベキューができる家 東京,4,2,50%,7
727,インナーバルコニー 台風,56,2,3.57%,12
728,友達とパーティー,7,2,28.57%,11
729,本 収納 アイデア,2,2,100%,18
730,リゾートキッチン,5,2,40%,1
731,屋上 ポール 設置,3,2,66.67%,4
732,鳩が来なくなった,4,2,50%,32
733,戸建て 屋上 焚き火,3,2,66.67%,5
734,キャンプ 肉料理,60,2,3.33%,13
735,タープ 庭 常設,47,2,4.26%,9
736,風に強いテント,8,2,25%,21
737,フィンランドサウナ 自宅,4,2,50%,16
738,鳩掃除,4,2,50%,1
739,ダッチオーブン 使い方 家庭,33,2,6.06%,10
740,お家キャンプ 部屋,22,2,9.09%,8
741,睡眠 寝る前の過ごし方,5,2,40%,5
742,太陽光 屋上,9,2,22.22%,2
743,屋上 洗濯,3,2,66.67%,1
744,外でこたつ,3,2,66.67%,2
745,鳩 ふん害,11,2,18.18%,7
746,家の中テント,6,2,33.33%,10
747,ルーフバルコニー タープ,2,2,100%,20
748,キャンプ パン 焼き方,22,2,9.09%,3
749,スキレット パン オーブンなし,38,2,5.26%,7
750,ソロキャンプ 体験,59,2,3.39%,8
751,ガゼボ 台風対策,8,2,25%,1
752,風が強い日 何 する,36,2,5.56%,7
753,アジアンリゾート,210,2,0.95%,8
754,自宅 屋上 ジャグジー,2,2,100%,2
755,自宅 駐 車場 タープ,3,2,66.67%,6
756,身体を緩める方法,3,2,66.67%,5
757,子ども部屋,10,2,20%,33
758,屋上 風呂 自宅,5,2,40%,2
759,ダッチオーブン 家で使う,67,2,2.99%,10
760,ベランダ鳥のフン掃除,2,2,100%,1
761,狭い庭キャンプ,2,2,100%,10
762,屋上 タープ ポール,2,2,100%,3
763,ベランダ 冬 暖かく,2,2,100%,1
764,ホームパーティー 女子会,4,2,50%,5
765,踏み台昇降 便秘,3,2,66.67%,17
766,リビングレイアウト,4,2,50%,26
767,一軒家 雪対策,6,2,33.33%,5
768,テラス バーベキュー,94,2,2.13%,10
769,屋上 ラティス,4,2,50%,4
770,ヘルシーおつまみ おしゃれ,2,2,100%,4
771,風に強い タープ おすすめ,6,2,33.33%,10
772,家キャンプ,13,2,15.38%,30
773,おうち テント,31,2,6.45%,8
774,鳩のフン害 対策,2,2,100%,1
775,おもちゃ収納,95,2,2.11%,47
776,牛肉 下ごしらえ,9,2,22.22%,9
777,バーベキュー 牛肉 漬け込みレシピ,8,2,25%,7
778,ベランピング 料理 冬,4,2,50%,4
779,ツバメ フン 掃除,27,2,7.41%,2
780,ハトの糞,19,2,10.53%,6
781,テント 屋上,21,2,9.52%,6
782,bbq 前菜,10,2,20%,17
783,ベランピング テント 固定,3,2,66.67%,12
784,自宅 サウナアンドサウナ,4,2,50%,2
785,キャンプ鍋料理,13,2,15.38%,19
786,おうちアフタヌーンティー,12,2,16.67%,16
787,ママ友 ホームパーティー メニュー,2,2,100%,15
788,家具 防音,2,2,100%,16
789,usb アウトドア,28,2,7.14%,9
790,おもてなし 自宅,26,2,7.69%,9
791,風呂 サウナ化,2,2,100%,32
792,パーティー料理 簡単 おしゃれ,2,2,100%,47
793,屋上 アイデア,4,2,50%,2
794,アウトドア チェア テレワーク,5,2,40%,4
795,駐車場 鳥のフン 掃除,2,2,100%,1
796,エアリアルヨガ ポーズ,36,2,5.56%,10
797,楽しい空間,4,2,50%,1
798,ホームパーティー おすすめ,4,2,50%,16
799,アウトドア パン焼き,44,2,4.55%,9
800,融雪剤 屋根,2,2,100%,3
801,ロータスグリル 網 代用,4,2,50%,19
802,屋上付き 一戸建て,12,2,16.67%,6
803,家でパンを焼く,2,2,100%,12
804,ベランダ カラスのフン 掃除,3,2,66.67%,1
805,キャンプ アイデア,4,2,50%,27
806,パーティー 友達,5,2,40%,7
807,アート 暮らし,11,2,18.18%,3
808,キャンプ デザート 冬,47,2,4.26%,10
809,外の空気を吸う,6,2,33.33%,9
810,飯盒 パン,3,2,66.67%,21
811,バーベキュー 屋上,9,2,22.22%,6
812,防音対策,21,2,9.52%,15
813,メスティンレシピ,4,2,50%,49
814,屋外ソファ,15,2,13.33%,11
815,風が強いと感じる 風速,3,2,66.67%,1
816,トレーニングルーム 自宅 おしゃれ,4,2,50%,25
817,屋上 インテリア,7,2,28.57%,1
818,庭 パーティー,7,2,28.57%,10
819,ホームパーティ おもしろい,5,2,40%,9
820,ベランピング 寒さ対策,2,2,100%,5
821,キャンプ おつまみ 前日,6,2,33.33%,33
822,自宅 バーベキュー,8,2,25%,20
823,屋上 雨よけ,4,2,50%,2
824,ビニールプール 滑り台 滑らない,6,2,33.33%,6
825,アイムユニバース グループ,10,2,20%,1
826,アウトドア デスクワーク,16,2,12.50%,8
827,ローインテリア,7,2,28.57%,3
828,アウトドア 収納,61,2,3.28%,23
829,ベランダ鳥のフン,4,2,50%,8
830,屋上テラス デメリット,12,2,16.67%,10
831,身体を緩める,3,2,66.67%,7
832,家 花火,6,2,33.33%,2
833,鳥のフン 落とし方 リュック,6,2,33.33%,14
834,家 サンルーム,4,2,50%,7
835,ダッチオーブン 家,44,2,4.55%,10
836,ベランダ 虫 対策,9,2,22.22%,8
837,蚊を寄せ付けない方法,3,2,66.67%,31
838,テレワーク デスクライト,7,2,28.57%,17
839,鳩 掃除,2,2,100%,1
840,屋上 屋根 後付け,2,2,100%,17
841,ゴルフ 練習方法 自宅,6,2,33.33%,54
842,ダッチオーブン 蒸し器,14,2,14.29%,3
843,プール付き 家,4,2,50%,10
844,屋上 ソーラーパネル,7,2,28.57%,1
845,キャンプ ココア,31,2,6.45%,8
846,屋外用サウナ,3,2,66.67%,19
847,ハンモック テラス,5,2,40%,5
848,室内 テント,6,2,33.33%,35
849,羽虫 対策,4,2,50%,15
850,タープ 風に強い,19,2,10.53%,15
851,ワインセラー 音 対策,2,2,100%,9
852,自宅バーベキュー,7,2,28.57%,21
853,おもちゃが多すぎる,61,2,3.28%,4
854,おうち花火,37,2,5.41%,5
855,キャンプ 朝ごはん 和食,2,1,50%,34
856,アフタヌーンティー おうちで,4,1,25%,19
857,雨の日 おうち時間,1,1,100%,25
858,おうち キャンプ テント,53,1,1.89%,11
859,アルミダッチオーブン 注意点,14,1,7.14%,10
860,家庭用露天風呂,3,1,33.33%,12
861,鳩対策 カビキラー,2,1,50%,19
862,タープの張り方,5,1,20%,49
863,ロー家具,2,1,50%,6
864,ダッチオーブン スペアリブ 焼き,1,1,100%,29
865,ダッチオーブン グラタン,4,1,25%,31
866,バーベキュー肉味付け,2,1,50%,5
867,テントサウナ 自宅 庭,14,1,7.14%,7
868,庭 タープ おすすめ,1,1,100%,9
869,女子会 パーティー 家,4,1,25%,5
870,クラフトビールグラス,3,1,33.33%,38
871,キャンプ飯 冬 簡単,2,1,50%,20
872,サウナストーブ 電気 ロウリュ,4,1,25%,21
873,ダッチオーブン 代用,41,1,2.44%,8
874,キャンプ飯 食パン,2,1,50%,15
875,ダッチオーブン 電子レンジ,11,1,9.09%,7
876,庭 バーベキュー 屋根,2,1,50%,7
877,ゴルフスイング練習 自宅,9,1,11.11%,22
878,フライパン パン 焼く,1,1,100%,30
879,缶詰 直火 レシピ,1,1,100%,11
880,ホテル 洗面所,2,1,50%,17
881,床面積 屋上,3,1,33.33%,8
882,物置 キャンプ用品,1,1,100%,11
883,サウナ プライベート,14,1,7.14%,12
884,在宅勤務 気分転換,1,1,100%,32
885,引きずる音,1,1,100%,17
886,露天風呂作り方,1,1,100%,24
887,キャンプ用品 収納 自宅,10,1,10%,9
888,重量衝撃音 対策,2,1,50%,19
889,タープ 固定,6,1,16.67%,13
890,ベランダをサンルームに,2,1,50%,24
891,インテリア 洗練,4,1,25%,13
892,ルーフバルコニー ホットプレート,2,1,50%,21
893,キャンプ用品 日常,5,1,20%,24
894,テント 屋根だけ,18,1,5.56%,10
895,ベランピング メニュー,1,1,100%,37
896,ボールプール 掃除方法,1,1,100%,17
897,テラス席 ヒーター,6,1,16.67%,7
898,沖縄 規格住宅,1,1,100%,84
899,ホームパーティ おしゃれ,1,1,100%,1
900,クーラーボックス 中身,1,1,100%,42
901,ラヴィシア,7,1,14.29%,2
902,焼肉 下ごしらえ 柔らかく,1,1,100%,21
903,エアリアルヨガ ダイエット,28,1,3.57%,7
904,オンラインコンサート プロジェクター,3,1,33.33%,12
905,テラス 暖炉,7,1,14.29%,2
906,テラスbbq,11,1,9.09%,11
907,キャンプ飯 スキレット 肉,3,1,33.33%,30
908,キャンプ用品 収納 屋外,4,1,25%,8
909,みちや 津田沼,49,1,2.04%,8
910,自宅プール,3,1,33.33%,18
911,虫除け 吊るすタイプ 最強,1,1,100%,22
912,デイキャンプ 日除け,3,1,33.33%,16
913,外 ソファー 雨,1,1,100%,6
914,ldk レイアウト,181,1,0.55%,20
915,鳩 屋根,2,1,50%,4
916,フィンガーフード 簡単 パーティー,2,1,50%,11
917,キャンプ用品 収納場所,15,1,6.67%,8
918,自宅サウナ 費用,1,1,100%,16
919,自宅 露天風呂 作り方,1,1,100%,14
920,タープテント 常設,10,1,10%,9
921,屋上芝生,4,1,25%,2
922,サウナハウス,3,1,33.33%,28
923,ママ友 注文住宅,1,1,100%,23
924,ロータスグリル 炭,1,1,100%,29
925,コンクリートの上にタープ,22,1,4.55%,6
926,プール付き家,3,1,33.33%,10
927,プライベートサウナ,4,1,25%,12
928,庭にポールを立てる,1,1,100%,27
929,コーヒー 外で作る,1,1,100%,16
930,キャンプ スイーツ 冬,9,1,11.11%,8
931,鳩 カビキラー,2,1,50%,32
932,コストコ遊具2021,1,1,100%,21
933,七輪 冬,1,1,100%,1
934,完全防水ソファ,2,1,50%,8
935,鶏肉 ヨーグルト 漬けすぎ,1,1,100%,40
936,キャンプ インスタ映え 料理,1,1,100%,58
937,自立式タープ 風に強い,1,1,100%,38
938,ipa グラス おすすめ,1,1,100%,20
939,プール付き戸建て,1,1,100%,19
940,家飲み おつまみ,7,1,14.29%,36
941,屋上でバーベキューできる家,2,1,50%,10
942,キャンプ マグカップ おすすめ,108,1,0.93%,37
943,kid fresino - no sun ロケ地,2,1,50%,9
944,サウナ 電気,1,1,100%,27
945,家でできるアート,1,1,100%,11
946,温室 家庭菜園,1,1,100%,28
947,屋上 自宅,1,1,100%,18
948,豚ロース バーベキュー 漬け込み,1,1,100%,7
949,フィンガーフードとは,9,1,11.11%,11
950,掃除 ストレス,2,1,50%,23
951,キャンプ 下ごしらえ,4,1,25%,14
952,豪邸 ソファ,4,1,25%,8
953,ベランダ 鳥のふん,1,1,100%,9
954,キャンプ マット おすすめ 2020,1,1,100%,25
955,糖質少ない おつまみ,1,1,100%,23
956,オンラインパーソナル,131,1,0.76%,42
957,屋外家具 雨,2,1,50%,4
958,スキレット料理 キャンプ,9,1,11.11%,16
959,青い春 映画,2,1,50%,80
960,ソファー 外,19,1,5.26%,7
961,bbq 楽しみ方,3,1,33.33%,26
962,ダッチオーブン 食パン,2,1,50%,20
963,七輪 テーブルの上,1,1,100%,11
964,キャンプ メニュー,33,1,3.03%,78
965,ダッチオーブン パン 発酵なし,14,1,7.14%,17
966,ウッドデッキ タープ,89,1,1.12%,27
967,マイホーム サウナ,1,1,100%,7
968,冷燻 おすすめ 食材,1,1,100%,27
969,オイルサーディン 缶詰 直火,3,1,33.33%,19
970,アウトドア パン作り,18,1,5.56%,6
971,おうちキャンプ,57,1,1.75%,9
972,糖質制限 パーティー レシピ,1,1,100%,24
973,風が強い時 バーベキュー,11,1,9.09%,4
974,屋上 日除け 固定,2,1,50%,22
975,駐車場 屋根 タープ,3,1,33.33%,10
976,女子会 パーティー 料理,4,1,25%,11
977,心地よい音楽,1,1,100%,17
978,モバイルバッテリー 暖房,1,1,100%,10
979,鳥 フン 同じ場所,1,1,100%,5
980,自宅bbq,2,1,50%,21
981,キャンプ 料理 鍋,16,1,6.25%,16
982,屋上 プランター,3,1,33.33%,8
983,インテリア レイアウト,20,1,5%,34
984,テラス 素材,16,1,6.25%,19
985,サッカー 家の中 練習,2,1,50%,17
986,自宅でキャンプ,2,1,50%,22
987,ソロキャンプ やること,18,1,5.56%,27
988,ワークスペース ライト,1,1,100%,7
989,サンルーム 日当たり,15,1,6.67%,3
990,アウトドア チェア 収納,17,1,5.88%,9
991,大人モダン,3,1,33.33%,5
992,有酸素運動 自宅,7,1,14.29%,34
993,家サウナ テント,1,1,100%,4
994,パーゴラ 台風対策,2,1,50%,11
995,アウトドア パン 焼く,21,1,4.76%,1
996,パーティー ホーム,1,1,100%,16
997,ハンモック 効果,1,1,100%,30
998,テラス 掃除,1,1,100%,9
999,バレエ 準備,1,1,100%,21
1000,洗濯干し サンルーム,1,1,100%,39
1001,エアリアルシルク 自宅,19,1,5.26%,1
1002,温かい飲み物 インスタント,1,1,100%,70
1003,すずめ ふん 掃除,25,1,4%,4
1004,自宅 温室,2,1,50%,4
1005,リゾート風キッチン,1,1,100%,1
1006,家で花火,3,1,33.33%,6
1007,屋上 タープ 設置,2,1,50%,3
1008,キャンプ 日本酒,4,1,25%,77
1009,雨漏り 屋上,3,1,33.33%,28
1010,屋外クッション,1,1,100%,17
1011,エアーマット キャンプ,22,1,4.55%,41
1012,燻製 庭,2,1,50%,11
1013,ベランダ テント,1,1,100%,21
1014,タープテント コンクリート,12,1,8.33%,7
1015,ルーフバルコニー 洗濯物干し,1,1,100%,46
1016,バルコニー 家具 雨,5,1,20%,8
1017,お家テント,85,1,1.18%,4
1018,運動不足 プール,2,1,50%,8
1019,ポリコットン テント ファミリー,1,1,100%,48
1020,庭に虫を寄せ付けない,1,1,100%,17
1021,ルイスポールセン アーティチョーク 掃除,1,1,100%,18
1022,鳥のフン 消毒,1,1,100%,1
1023,駐車場 タープ,1,1,100%,16
1024,ソーラーパネル 災害,4,1,25%,20
1025,ハワイアン インテリア,84,1,1.19%,35
1026,キャンプ飯 温かい,1,1,100%,11
1027,バルコニー タープ,7,1,14.29%,33
1028,キャンプ ラグ おすすめ,30,1,3.33%,27
1029,ワークスペース 自宅 狭い,4,1,25%,6
1030,ベランダ 椅子 雨の日,3,1,33.33%,10
1031,ベランピング ソファ,1,1,100%,7
1032,ムクドリ ふん 掃除,2,1,50%,1
1033,サウナ 水風呂 麻薬,20,1,5%,34
1034,キャンプ料理 肉,9,1,11.11%,17
1035,物置 タープ,2,1,50%,12
1036,家 風呂 サウナ,1,1,100%,33
1037,bbq 煙,2,1,50%,7
1038,ヘリノックス テレワーク,1,1,100%,17
1039,キャンプ 楽しみ方,10,1,10%,20
1040,燻製 おすすめ,9,1,11.11%,33
1041,風で飛ばないパラソル,1,1,100%,23
1042,ワンポールテント コンクリート,2,1,50%,11
1043,自宅 燻製,3,1,33.33%,21
1044,ウッドデッキ 家具 雨,6,1,16.67%,4
1045,fkj tui,2,1,50%,22
1046,ベランダ遊び 大人,1,1,100%,25
1047,家でパンを焼く オーブン,1,1,100%,21
1048,屋上 遊び,1,1,100%,7
1049,アウトドアチェア 室内,12,1,8.33%,38
1050,豚トロ 漬け込み,1,1,100%,19
1051,テラス チェア,44,1,2.27%,30
1052,ダッチオーブン,264,1,0.38%,52
1053,屋外用 ソファ,1,1,100%,11
1054,ステーキ 玉ねぎ 漬け込む時間,1,1,100%,34
1055,屋外 ソファ おすすめ,1,1,100%,8
1056,キャンプ 風速,14,1,7.14%,19
1057,コーヒー パーコレーター 使い方,2,1,50%,27
1058,庭 こたつ,1,1,100%,5
1059,七輪とは,1,1,100%,30
1060,キャンプ 料理 仕込み,2,1,50%,23
1061,庭に風呂,1,1,100%,9
1062,ベランダソファー,3,1,33.33%,11
1063,屋上 花壇,1,1,100%,14
1064,アウトドアチェア リモートワーク,15,1,6.67%,4
1065,タープポール 固定,3,1,33.33%,19
1066,藍川高校,1,1,100%,53
1067,冬キャンプ朝ごはん,2,1,50%,9
1068,テラス屋根 照明,3,1,33.33%,17
1069,テント 風向き,1,1,100%,35
1070,対比構図,1,1,100%,14
1071,ライブ 食べ物,1,1,100%,7
1072,ビニールプール 滑り台 ブログ,1,1,100%,15
1073,バルコニーソファー 雨,3,1,33.33%,3
1074,屋外用ソファ,7,1,14.29%,11
1075,野菜 バーベキュー,1,1,100%,15
1076,グランピングテント,78,1,1.28%,18
1077,強風 タープ,3,1,33.33%,16
1078,キャンプ パン レシピ,7,1,14.29%,11
1079,ldk おしゃれ レイアウト,4,1,25%,25
1080,自宅キャンプ,5,1,20%,19
1081,お家サウナ,3,1,33.33%,18
1082,屋外 テレワーク,2,1,50%,6
1083,重量衝撃音 対策 マット,1,1,100%,13
1084,バーベキューできる一軒家,1,1,100%,14
1085,家 ゴルフ 練習,1,1,100%,27
1086,タープ 張り方 庭,15,1,6.67%,4
1087,株式会社アイム・ユニバース 評判,1,1,100%,2
1088,屋上緑化 住宅,2,1,50%,28
1089,冬キャンプ 料理,1,1,100%,18
1090,虫を寄せ付けない,1,1,100%,3
1091,キャンプ飯 レトルト,1,1,100%,74
1092,屋根に鳩,2,1,50%,5
1093,ドッグランを作る,2,1,50%,29
1094,家 サウナ,2,1,50%,53
1095,ママ友ホームパーティーメニュー,1,1,100%,15
1096,屋根に鳥,1,1,100%,11
1097,おしゃれ 屋上 テラス,3,1,33.33%,4
1098,ワークスペース デスク,1,1,100%,21
1099,庭 屋根 diy,3,1,33.33%,52
1100,趣味 料理,1,1,100%,105
1101,屋上 タープ diy,2,1,50%,10
1102,リゾート キッチン,1,1,100%,3
1103,リビング ダイニング 分かれている,1,1,100%,22
1104,ウッドデッキ メリット,29,1,3.45%,30
1105,鳥のフン 取り方,1,1,100%,11
1106,マット アウトドア,1,1,100%,24
1107,キャンプ飯 温まる,1,1,100%,18
1108,テント コンクリートの上,2,1,50%,18
1109,ウッドデッキ 防水加工,1,1,100%,81
1110,プールのある家,2,1,50%,32
1111,猫 転落,1,1,100%,20
1112,プール 家 費用,1,1,100%,15
1113,自宅 整う,1,1,100%,17
1114,キャンプごはん,2,1,50%,108
1115,ipaグラス,2,1,50%,39
1116,ステンレスダッチオーブン レシピ,4,1,25%,28
1117,ウッドデッキ 屋上,33,1,3.03%,12
1118,屋上家具,3,1,33.33%,1
1119,屋外 ソファ クッション,3,1,33.33%,7
1120,キャンプ 手作りパン,25,1,4%,8
1121,テラス 家具 雨,11,1,9.09%,2
1122,テラス 照明,201,1,0.50%,1
1123,南国リゾート 植物,1,1,100%,66
1124,おしゃれ パーティー,13,1,7.69%,5
1125,mv 屋上,4,1,25%,1
1126,屋上のある家 デメリット,1,1,100%,14
1127,狭いベランダ バーベキュー,1,1,100%,28
1128,ヨガスペース 自宅,1,1,100%,18
1129,子供 おもちゃ 収納,4,1,25%,28
1130,テント 砂利の上,2,1,50%,26
1131,住宅 プール,3,1,33.33%,10
1132,家 天体観測,3,1,33.33%,3
1133,家具 ポイント,1,1,100%,12
1134,猫が遊べる庭,1,1,100%,40
1135,バーベキュー コンロ,36,1,2.78%,34
1136,屋外 こたつ,2,1,50%,7
1137,床の音が響く,1,1,100%,10
1138,屋上 雨,1,1,100%,3
1139,おうち アフタヌーンティー,3,1,33.33%,20
1140,パーゴラ 台風,1,1,100%,17
1141,キャンプ メニュー 冬,3,1,33.33%,17
1142,育てやすい野菜 ランキング,1,1,100%,25
1143,雨の日 集中できない,1,1,100%,19
1144,ヤクルトスワローズ スポンサー,8,1,12.50%,9
1145,ユニバースとは,2,1,50%,39
1146,メスティン 固形燃料 レシピ,1,1,100%,22
1147,七輪 手入れ,1,1,100%,16
1148,サンルーム 建築基準法,23,1,4.35%,22
1149,サウナ作りたい,26,1,3.85%,8
1150,ワンカット mv 邦楽,1,1,100%,11
1151,ハラミ 下ごしらえ,2,1,50%,18
1152,テラス テント,22,1,4.55%,39
1153,床 防音シート,1,1,100%,55
1154,アフタヌーンティー 自宅,9,1,11.11%,17
1155,キャンプ用品 片付け,2,1,50%,15
1156,おうちbbq グッズ,1,1,100%,22
1157,肉 柔らかく 下ごしらえ,2,1,50%,11
1158,コッヘル レシピ,2,1,50%,71
1159,ママ友 おもてなし料理,1,1,100%,16
1160,ウッドデッキ 囲炉裏,20,1,5%,5
1161,おすすめ クーラーボックス キャンプ,1,1,100%,30
1162,屋上 緑化 デメリット,3,1,33.33%,12
1163,庭 プロジェクター,1,1,100%,11
1164,夜時間 過ごし方,1,1,100%,34
1165,パンを焼く,8,1,12.50%,7
1166,キャンプでパン,20,1,5%,9
1167,キャンプ 風が強い時,62,1,1.61%,9
1168,自宅 屋上 ドッグラン,1,1,100%,1
1169,部屋 ロースタイル,3,1,33.33%,10
1170,ベランダ ライト 明るい,1,1,100%,22
1171,パーティ料理 おしゃれ,1,1,100%,8
1172,東金町 再開発,1,1,100%,33
1173,スタウトグラス,1,1,100%,35
1174,虫除け 家,1,1,100%,34
1175,沖縄いー物件,1,1,100%,30
1176,usbあったかグッズ,1,1,100%,24
1177,雨 好きになる方法,1,1,100%,6
1178,一戸建て プール,2,1,50%,11
1179,テント コンクリート,5,1,20%,26
1180,焚き火台 バーベキューコンロ,1,1,100%,47
1181,バーベキュー カセットコンロ 禁止,2,1,50%,13
1182,強力粉 焼くだけ,2,1,50%,32
1183,ベランダ 雪 溶かす,3,1,33.33%,5
1184,マグカップ 持ち運び方,4,1,25%,10
1185,bbqコンロ おすすめ,39,1,2.56%,22
1186,鳥のフンを落とす方法,2,1,50%,1
1187,ゴルフ 自宅 練習,13,1,7.69%,37
1188,テント 家の中,48,1,2.08%,10
1189,お家でテント,17,1,5.88%,1
1190,燻製 ベランダ 煙対策,1,1,100%,14
1191,屋上 タープ 張り方,1,1,100%,3
1192,リビングダイニングテーブル レイアウト,1,1,100%,36
1193,モダン 雰囲気,1,1,100%,8
1194,gva 制震 欠点,10,1,10%,17
1195,キャンプマット,390,1,0.26%,29
1196,テント おうち,12,1,8.33%,6
1197,ldk 家具 レイアウト,17,1,5.88%,9
1198,自宅キャンプ飯,1,1,100%,13
1199,自宅プール 費用,1,1,100%,15
1200,マンチカン ジャンプ力,1,1,100%,28
1201,屋上 ロケ地,1,1,100%,21
1202,騒音防止マット,1,1,100%,32
1203,庭 キャンプ用品 収納 物置,5,1,20%,10
1204,庭 ハーブ おしゃれ,1,1,100%,42
1205,bbq コンロ,103,1,0.97%,35
1206,ベランダ 露天風呂 自作,1,1,100%,11
1207,焚き火 パチパチ,1,1,100%,18
1208,鳥のフン 乾燥,1,1,100%,9
1209,アウトドアテラス,7,1,14.29%,1
1210,鳩フン被害,3,1,33.33%,2
1211,花粉 洗濯物 カバー 効果,1,1,100%,23
1212,ベランダ 台風対策,2,1,50%,9
1213,タープ ウッドデッキ,5,1,20%,26
1214,七輪料理,2,1,50%,15
1215,パーティー おしゃれ,4,1,25%,1
1216,雪が屋根に積もる,2,1,50%,1
1217,ロータスグリル 火力,2,1,50%,16
1218,鳩のフン対策,1,1,100%,2
1219,ローボルトライト デメリット,1,1,100%,30
1220,庭でパーティー,2,1,50%,8
1221,usb キャンプ,1,1,100%,11
1222,リビング照明テクニック,1,1,100%,76
1223,キャンプ ホットミルク,1,1,100%,15
1224,アイムユニバース 神宮,10,1,10%,1
1225,屋上 椅子,1,1,100%,7
1226,部屋テント,1,1,100%,18
1227,テント 保管 物置,2,1,50%,18
1228,屋上 床面積,3,1,33.33%,8
1229,スキレット料理,393,1,0.25%,7
1230,一戸建て サンルーム,3,1,33.33%,13
1231,ダッチオーブン パン キャンプ,2,1,50%,18
1232,コットンテント カビ,2,1,50%,29
1233,キネティックサンド 掃除,1,1,100%,58
1234,ビニールプール おしゃれ,1,1,100%,26
1235,自分好みとは,1,1,100%,14
1236,bbq 便利グッズ,9,1,11.11%,74
1237,アウトドアテーブル 在宅勤務,10,1,10%,20
1238,i'm universe,2,1,50%,1
1239,在宅勤務 休憩,1,1,100%,25
1240,一軒家 鳥のフン,5,1,20%,5
1241,ロースタイル 部屋,1,1,100%,8
1242,家の中でキャンプ,1,1,100%,15
1243,自宅にサウナ 費用,2,1,50%,11
1244,固形燃料 レシピ,2,1,50%,18
1245,ベランダ用ソファ,1,1,100%,11
1246,温かい飲み物 ノンカフェイン,1,1,100%,17
1247,コストコ 遊具 2021,6,1,16.67%,19
1248,屋上 露天風呂 自作,3,1,33.33%,5
1249,パン フライパンで焼く,1,1,100%,16
1250,吊るすヨガ,1,1,100%,11
1251,リモートワーク リフレッシュ,1,1,100%,10
1252,太陽光発電 屋上,2,1,50%,3
1253,ジャグジー 庭,3,1,33.33%,18
1254,アイムユニバース 中古,28,1,3.57%,5
1255,サウナ 自宅用 庭,18,1,5.56%,6
1256,鳥の糞 落とし方,2,1,50%,1
1257,家 プール付き,1,1,100%,7
1258,キャンプ パン 温め,38,1,2.63%,8
1259,ベランダ ラティス 強風対策,1,1,100%,22
1260,エンターテイメントの楽しみ方,2,1,50%,13
1261,usb 暖房 キャンプ,20,1,5%,5
1262,コッヘルとは,123,1,0.81%,12
1263,ランプ インテリア おしゃれ,1,1,100%,79
1264,写真 被写体探し,1,1,100%,87
1265,キャンプギア 収納 自宅,14,1,7.14%,10
1266,鳥のフン 手洗い,3,1,33.33%,5
1267,強風 傘 差し方,1,1,100%,25
1268,ダッチオーブン レシピ 家庭,13,1,7.69%,9
1269,家庭用サウナ,1,1,100%,42
1270,戸建 バルコニー 活用,2,1,50%,11
1271,おうちでアフタヌーンティー,10,1,10%,22
1272,スズメ 塩素,21,1,4.76%,7
1273,クーラーボックス 置き場所,1,1,100%,13
1274,バレエ バー 自宅 おすすめ,2,1,50%,21
1275,缶詰 バーベキュー,1,1,100%,22
1276,露天風呂 作り方,1,1,100%,26
1277,鳩のフン かかった,3,1,33.33%,6
1278,バルコニー 照明 ソーラー,1,1,100%,23
1279,よく眠れる部屋,23,1,4.35%,8
1280,浅田真央応援ブログ,1,1,100%,24
1281,ステーキ bbq,1,1,100%,21
1282,キャンプ飯 ダッチオーブン,18,1,5.56%,26
1283,鳩よけ 植物,1,1,100%,30
1284,メスティン レシピ 固形燃料,1,1,100%,25
1285,キャンプ道具 まとめ方,1,1,100%,28
1286,友達 おうちパーティー,1,1,100%,10
1287,誕生日 料理 おしゃれ メイン,1,1,100%,21
1288,ロースタイル リビング インテリア,1,1,100%,8
1289,パーティー料理 インパクト,1,1,100%,25
1290,雀のフン 掃除,1,1,100%,8
1291,テラス 照明 おしゃれ,20,1,5%,1
1292,ベランダ ふん,3,1,33.33%,10
1293,寝る前 楽しいこと,2,1,50%,8
1294,ldkコーディネート,2,1,50%,25
1295,雪が積もる,14,1,7.14%,9
1296,自宅 おもてなし,1,1,100%,7
1297,マグカップ アウトドア,4,1,25%,9
1298,雪山溶かす方法,1,1,100%,34
1299,バレエ 自宅 練習 大人,1,1,100%,19
1300,オーニング 屋上,25,1,4%,3
1301,ウッドデッキ テント 固定,8,1,12.50%,22
1302,鳩 糞,3,1,33.33%,6
1303,燻製 野菜 おすすめ,1,1,100%,17
1304,屋上 テラス diy,4,1,25%,1
1305,バーベキュー野菜,2,1,50%,15
1306,部屋でアウトドア用品,1,1,100%,21
1307,自宅 プール 費用,1,1,100%,15
1308,大人空間,1,1,100%,3
1309,自宅 テントサウナ,2,1,50%,5
1310,鳥のフン 清掃,3,1,33.33%,1
1311,バルコニー ドッグラン,17,1,5.88%,11
1312,鳥がフンをする場所,2,1,50%,8
1313,キャンプ 前菜,4,1,25%,16
1314,ダッチオーブン 蓋 置き場,1,1,100%,13
1315,テント 収納場所,3,1,33.33%,11
1316,ベランダ 虫,5,1,20%,9
1317,キャンプ ダッチオーブン パン,2,1,50%,19
1318,寝る前 考え事,2,1,50%,32
1319,七輪 焼肉 自宅,3,1,33.33%,23
1320,鳥のふん 取り方,1,1,100%,16
1321,デスクライト 設置位置,1,1,100%,14
1322,鳥よけ ハーブ,4,1,25%,14
1323,プール 収納,6,1,16.67%,5
1324,パン アウトドア,3,1,33.33%,5
1325,屋上 風よけ,1,1,100%,1
1326,エアリアルヨガ 付け方,3,1,33.33%,9
1327,テント おすすめ,491,1,0.20%,52
1328,癒しのインテリア,1,1,100%,21
1329,アウトドア カップ,187,1,0.53%,7
1330,バーベキューコンロ おすすめ,7,1,14.29%,28
1331,スキレット 料理,609,1,0.16%,9
1332,天体観測 始め方,1,1,100%,14
1333,トレーニングルーム 自宅,4,1,25%,35
1334,自宅テント,3,1,33.33%,1
1335,家 キャンプ テント,1,1,100%,7
1336,家の中のテント,2,1,50%,11
1337,ワインセラー 自宅,4,1,25%,5
1338,鳩害,1,1,100%,17
1339,テラス レイアウト,11,1,9.09%,7
1340,屋上 水栓,1,1,100%,16
1341,屋上 オーニング,1,1,100%,7
1342,ガレージ キャンプ用品 収納,1,1,100%,22
1343,住宅 防音対策,1,1,100%,37
1344,外 ソファ,5,1,20%,10
1345,燻製 野菜,1,1,100%,23
1346,屋上 活用,2,1,50%,7
1347,自宅に 東屋,1,1,100%,28
1348,リモートスペース,2,1,50%,10
1349,アウトドア サンダル 冬,1,1,100%,15
1350,ウッドデッキ テント 自宅,1,1,100%,18
1351,風が強い日のキャンプ,3,1,33.33%,6
1352,ldk インテリア,66,1,1.52%,19
1353,屋上 日焼け,1,1,100%,3
1354,ベランダライトアップ,1,1,100%,11
1355,バーベキュー 寒さ対策,1,1,100%,10
1356,燻製 食材,10,1,10%,20
1357,屋上 洗濯物干し,1,1,100%,1
1358,ガーデンパラソル 風対策,5,1,20%,21
1359,屋上 ガーデニング,1,1,100%,11
1360,タープ おすすめ 庭,13,1,7.69%,8
1361,雷被害,1,1,100%,103
1362,こたつ 外,12,1,8.33%,3
1363,bbq 卓上コンロ,2,1,50%,30
1364,タープポール 庭,10,1,10%,3
1365,音楽がおしゃれな映画,1,1,100%,34
1366,フォローリツイートキャンペーン,1,1,100%,27
1367,虫除け ベランダ,1,1,100%,22
1368,キャンプ 楽しむ グッズ,1,1,100%,40
1369,ママ友 ホームパーティーメニュー,1,1,100%,16
1370,大鍋料理,3,1,33.33%,11
1371,収納 キャンプ,1,1,100%,32
1372,屋上テラス リフォーム,1,1,100%,27
1373,テント 風対策,40,1,2.50%,24
1374,プール収納,2,1,50%,4
1375,家パーティー 食べ物,1,1,100%,3
1376,ジャグジーのある家,2,1,50%,19
1377,アフタヌーンティー 自宅 お取り寄せ,3,1,33.33%,39
1378,鳥よけ 屋根,1,1,100%,20
1379,キャンプ スープ缶,1,1,100%,18
1380,鳥のうんこ 落とし方,2,1,50%,1
1381,冬キャンプ 飲み物,2,1,50%,9
1382,庭にプールを作る,1,1,100%,19
1383,アウトドア用品 収納,37,1,2.70%,3
1384,ソーラーパネル 災害用,29,1,3.45%,26
1385,ベランダ 置きっぱなし 椅子,2,1,50%,33
1386,屋上菜園 自宅,1,1,100%,1
1387,鳩 忌避剤 手作り,2,1,50%,24
1388,テラス ガーデニング,22,1,4.55%,20
1389,ビール テラス,1,1,100%,34
1390,達磨堂 金町,3,1,33.33%,12
1391,ダッチオーブン 家庭 レシピ,15,1,6.67%,8
1392,キャンプ 鍋料理,146,1,0.68%,17
1393,リビングダイニング レイアウト,5,1,20%,27
1394,屋上 テーブル,2,1,50%,1
1395,バルコニー パーゴラ,8,1,12.50%,9
1396,テラス ライト おしゃれ,15,1,6.67%,1
1397,太陽光発電 ベランダ,1,1,100%,29
1398,無煙バーベキューコンロ 屋外,1,1,100%,19
1399,ロータスグリル サイズ おすすめ,1,1,100%,14
1400,ラグジュアリーな空間,1,1,100%,9
1401,パーゴラテラス,2,1,50%,19
1402,ダッチオーブン 家 レシピ,48,1,2.08%,8
1403,藍川 眞樹,1,1,100%,2
1404,メスティン メーカー 比較,2,1,50%,46
1405,パーゴラ バルコニー,2,1,50%,8
1406,ベランピング 床,1,1,100%,29
1407,リゾート 庭 作り方,2,1,50%,24
1408,雨 バーベキュー 家,1,1,100%,18
1409,屋根 融雪剤,2,1,50%,6
1410,プール遊び,3,1,33.33%,11
1411,冬バーベキュー 自宅,3,1,33.33%,6
1412,自宅 グランピング テント,1,1,100%,19
1413,ダッチオーブン 料理家,17,1,5.88%,10
1414,囲炉裏で焼くもの,1,1,100%,36
1415,キャンプ 色使い,3,1,33.33%,16
1416,ベランダ キャンプ マンション,1,1,100%,44
1417,鳩 屋根 撃退,1,1,100%,6
1418,キャンプ用品 保管 物置,15,1,6.67%,8
1419,ホームパーティー 前日 準備,1,1,100%,15
1420,ウッドデッキ タープ 付け方,3,1,33.33%,19
1421,バルコニー ライト ソーラー,1,1,100%,21
1422,家飲み 料理,2,1,50%,32
1423,スチールラック キャンプ道具,1,1,100%,18
1424,鳥の糞 除去,1,1,100%,6
1425,気持ちを緩める,4,1,25%,4
1426,バーベキュー 風速,9,1,11.11%,10
1427,ベランピング 必要なもの,3,1,33.33%,6
1428,雪 溶かし方,1,1,100%,14
1429,屋上 物置 危険,1,1,100%,19
1430,鳩のフン 掃除方法,6,1,16.67%,1
1431,バーベキュー 煙 対策,6,1,16.67%,6
1432,プール 筋トレ,1,1,100%,33
1433,屋上 ソーラー,1,1,100%,3
1434,焚き火がしたい,1,1,100%,18
1435,趣味 おしゃれ,2,1,50%,43
1436,屋上 壁,3,1,33.33%,4
1437,キャンプ 温かいお酒,3,1,33.33%,13
1438,猫 庭に出す,1,1,100%,53
1439,タープ 柱 庭,22,1,4.55%,9
1440,延べ床面積 屋上,1,1,100%,55
1441,ベランダ 防虫,1,1,100%,22
1442,ウッドデッキ タープ ポール,7,1,14.29%,10
1443,コンセントに挿すだけ 太陽光発電,6,1,16.67%,27
1444,キャンプ用品 室内,1,1,100%,23
1445,テラス 風除け,2,1,50%,18
1446,プール 自宅 費用,1,1,100%,15
1447,バーベキュー ベランダ,3,1,33.33%,23
1448,リビング 読書コーナー,1,1,100%,18
1449,自宅に岩盤浴を作る,7,1,14.29%,8
1450,天体観測 方法,1,1,100%,37
1451,登山 コップ,1,1,100%,32
1452,サウナ 自宅用,32,1,3.13%,34
1453,燻製キット おすすめ,1,1,100%,27
1454,東京 プール付き 一戸建て,1,1,100%,33
1455,燻製 室内 匂い,1,1,100%,17
1456,雨の日 楽しい,2,1,50%,13
1457,七輪 料理,2,1,50%,10
1458,趣味 バーベキュー,1,1,100%,9
1459,コンクリート テント,16,1,6.25%,30
1460,床 防音,1,1,100%,57
1461,一軒家 虫除け,1,1,100%,14
1462,自宅 有酸素運動,3,1,33.33%,32
1463,キャンプ収納棚,8,1,12.50%,24
1464,グランピング風 部屋,6,1,16.67%,6
1465,アウトドア チェア パソコン作業,7,1,14.29%,22
1466,水泳 効果 美容,1,1,100%,13
1467,鳩フン掃除,2,1,50%,1
1468,燻製 初心者 自宅,1,1,100%,25
1469,パーソナルトレーニング,1,1,100%,46
1470,スモークすると美味しいもの,1,1,100%,31
1471,チーズ バーベキュー,10,1,10%,16
1472,眠れる部屋,1,1,100%,6
1473,家具を使ってできる運動,25,1,4%,10
1474,キャンプ道具 収納 自宅,2,1,50%,14
1475,キャンプ テクニック,20,1,5%,14
1476,天体観測 初心者,2,1,50%,22
1477,ベランダ ミニ 焚き火,1,1,100%,32
1478,キャンプ飯 鍋,22,1,4.55%,15
1479,キャンプ bbqコンロ,3,1,33.33%,25
1480,プライベート 映画,1,1,100%,9
1481,豚ハラミ 下ごしらえ,1,1,100%,23
1482,ロッキングチェア 有名,1,1,100%,33
1483,バーベキューコンロ おしゃれ,1,1,100%,25
1484,自宅 屋上 バーベキュー,1,1,100%,2
1485,水風呂 自宅,1,1,100%,20
1486,屋外用クッション,2,1,50%,10
1487,鳥の糞,2,1,50%,32
1488,ベランピング ラグ,2,1,50%,14
1489,趣味作る,1,1,100%,45
1490,おもちゃ 多すぎ 収納,18,1,5.56%,8
1491,鳩 熱湯,2,1,50%,7
1492,女子パーティー,1,1,100%,7
1493,左右対称 構図,1,1,100%,14
1494,ラガービール グラス,1,1,100%,19
1495,鳩 ベランダ,3,1,33.33%,50
1496,屋上菜園 デメリット,1,1,100%,10
1497,焚き火 火事 対策,1,1,100%,17
1498,パン 自宅,2,1,50%,13
1499,キャンプ道具 収納 スチールラック,2,1,50%,17
1500,バルコニー プール 戸建,1,1,100%,9
1501,在宅勤務 切り替え,1,1,100%,17
1502,マンション ベランダ ソファ,2,1,50%,21
1503,テント 物置 保管,3,1,33.33%,17
1504,ldk 家具の配置,6,1,16.67%,9
1505,屋上に屋根をつける,1,1,100%,18
1506,焚き火 室内,1,1,100%,27
1507,屋上 延べ床面積,1,1,100%,5
1508,宅飲み 料理 おしゃれ,2,1,50%,17
1509,キャンプ 温かい飲み物,35,1,2.86%,9
1510,アウトドアコーヒー パーコレーター,1,1,100%,37
1511,キャンプ飯 冬 鍋,18,1,5.56%,8
1512,寝室作り,1,1,100%,19
1513,グランピング 映画,2,1,50%,19
1514,サウナおじさん,2,1,50%,18
1515,家キャンプ 料理,1,1,100%,18
1516,sdgs 産業と技術革新の基盤をつくろう できること,1,1,100%,55
1517,バルコニー バーベキュー,11,1,9.09%,14
1518,友達の家でパーティー,1,1,100%,5
1519,キャンプ 収納,246,1,0.41%,51
1520,ミュージックビデオ ロケ地,1,1,100%,4
1521,タープ ポール 庭,4,1,25%,4
1522,屋上 柵 目隠し,3,1,33.33%,10
1523,ソロキャンプ 練習,3,1,33.33%,18
1524,家 キャンプ,4,1,25%,27
1525,ベランダに鳥のフン 掃除,1,1,100%,2
1526,ダッチオーブン ih レシピ,25,1,4%,7
1527,オンラインパーソナルトレーニング,254,1,0.39%,36
1528,サンルーム 増築,160,1,0.63%,28
1529,ベランダ 家具 雨,2,1,50%,8
1530,プランター付きフェンス 強風対策,1,1,100%,28
1531,屋上 有効活用,1,1,100%,26
1532,キャンプデザート 冬,11,1,9.09%,8
1533,鳩 嫌い,1,1,100%,24
1534,3階 ベランダ サンルーム 後付け,25,1,4%,10
1535,屋外飲み,1,1,100%,31
1536,タープ 自宅,29,1,3.45%,6
1537,屋上のある家 後悔,1,1,100%,36
1538,アウトドア 調理,2,1,50%,22
1539,ウッドデッキ バーベキュー シート,24,1,4.17%,20
1540,バーベキュー 肉 漬け込み時間,1,1,100%,8
1541,戸建て プール,1,1,100%,8
1542,家でアイスコーヒー,3,1,33.33%,11
1543,鳩 なつく,1,1,100%,32
1544,身体 緩める 方法,4,1,25%,4
1545,キャンプ用品 コップ,1,1,100%,27
1546,ホムパ メニュー,1,1,100%,17
1547,フライパンでパンを焼く,1,1,100%,23
1548,ジャグジ,31,1,3.23%,10
1549,momentum wireless 3,4,1,25%,36
1550,床の防音対策,1,1,100%,20
1551,プール付きの家 値段,1,1,100%,15
1552,タープテント 固定 コンクリート,4,1,25%,8
1553,野外 スクリーン,1,1,100%,16
1554,屋上緑化 自分で,4,1,25%,7
1555,バーベキュー 煙出ない 炭,1,1,100%,19
1556,七輪 レシピ,1,1,100%,22
1557,メスティン メーカー おすすめ,1,1,100%,69
1558,屋外 ソファー,2,1,50%,11
1559,ベランダ 活用法,1,1,100%,22
1560,読書コーナー,4,1,25%,9
1561,家 癒しの空間,1,1,100%,11
1562,自宅 リフレッシュ,2,1,50%,17
1563,グランピング インテリア,89,1,1.12%,2
1564,momentum wireless 3 有線,10,1,10%,17
1565,ベランダテントおすすめ,2,1,50%,9
1566,ライトアップ 照明 屋外,1,1,100%,32
1567,コッヘル,372,1,0.27%,23
1568,クーラーボックス どこに収納,18,1,5.56%,5
1569,レタス 連作,1,1,100%,40
1570,コッヘルとクッカーの違い,26,1,3.85%,5
1571,雨 バーベキュー 庭,3,1,33.33%,11
1572,キャンプ飯 自宅,9,1,11.11%,19
1573,鳩のフンがついた,6,1,16.67%,2
1574,ベランダ 手すり 鳥のフン 掃除,1,1,100%,3
1575,雪国 雪対策,2,1,50%,16
1576,痩せる 趣味,1,1,100%,25
1577,スキレット パン レシピ,1,1,100%,19
1578,キャンプ パン 簡単,19,1,5.26%,10
1579,壁に穴 開けない サンルーム,1,1,100%,21
1580,michiya,19,1,5.26%,10
1581,芽キャベツ おつまみ チーズ,1,1,100%,44
1582,ライム果汁 カルディ,1,1,100%,20
1583,プチ燃えファイヤー,1,1,100%,73
1584,キャンプ用品 usb ポット,3,1,33.33%,15
1585,鍋 パンを焼く,1,1,100%,28
1586,キャンプ用品 保管,49,1,2.04%,5
1587,ホームパーティー 料理 おしゃれ,10,1,10%,6
1588,アジアン部屋作り,4,1,25%,6
1589,ダッチオーブン 使い方,98,1,1.02%,17
1590,キャンプ 食パン レシピ,3,1,33.33%,18
1591,屋上 ガーデニング diy,1,1,100%,14
1592,ベランダ 遊び方,1,1,100%,10
1593,一軒家 トレーニングルーム,1,1,100%,8
1594,友達 家 パーティー,3,1,33.33%,8
1595,屋上 芝,2,1,50%,2
1596,ベランピング 子供,1,1,100%,17
1597,燻製食材,1,1,100%,27
1598,バーベキューコンロ ガーデンタイプ,2,1,50%,20
1599,完全防水 ソファ,1,1,100%,7
1600,夏グッズ,1,1,100%,80
1601,キャンプご飯 手抜き,7,1,14.29%,94
1602,花火をする,1,1,100%,5
1603,キャンプ おしゃれ アイデア,15,1,6.67%,14
1604,お酒を飲まない夜の過ごし方,10,1,10%,30
1605,ベランダキャンプ 狭い,1,1,100%,42
1606,自宅 室内ドッグラン,2,1,50%,7
1607,軒 タープ,3,1,33.33%,7
1608,キャンプ コッヘル,11,1,9.09%,18
1609,スキレット 料理 簡単,3,1,33.33%,42
1610,バーベキューコンロ 下敷き,1,1,100%,8
1611,鳩のフン 被害,2,1,50%,5
1612,白 空間,1,1,100%,5
1613,ベランダ 台風 対策,2,1,50%,9
1614,キャンプ用品 ダッチオーブン,10,1,10%,18
1615,ポリコットン テント カビ,1,1,100%,33
1616,キャンプ 缶詰 温め方,2,1,50%,12
1617,虫除け ライト 屋外,1,1,100%,16
1618,アウトドア パンを焼く,12,1,8.33%,2
1619,鳩避けグッズ,1,1,100%,28
1620,家にテント,2,1,50%,5
1621,テント 自宅,12,1,8.33%,3
1622,ワインセラー 必要,1,1,100%,16
1623,鳩 フン害,6,1,16.67%,5
1624,プール 住宅,1,1,100%,9
1625,サッカー 家 練習,3,1,33.33%,18
1626,沖縄市美原 新築,2,1,50%,11
1627,デスクライト 機能的,1,1,100%,28
1628,屋上のある家 中古,2,1,50%,7
1629,蚊 ベランダ 対策,1,1,100%,7
1630,アイム・ユニバース てだこホール,22,1,4.55%,2
1631,バーベキューパーティー,2,1,50%,11
1632,虫対策 ベランダ,7,1,14.29%,9
1633,ベランピング 冬,3,1,33.33%,8
1634,キャンプ 屋根だけ,12,1,8.33%,7
1635,庭 ポール,1,1,100%,21
1636,豚ハラミ 漬け込み,1,1,100%,42
1637,囲炉裏のある生活,1,1,100%,41
1638,屋上スペース活用,3,1,33.33%,3
1639,炭火焼 野菜,1,1,100%,17
1640,猫 屋上,2,1,50%,1
1641,屋上緑化 デメリット,7,1,14.29%,10
1642,メスティン うなぎ,1,1,100%,22
1643,kid fresino no sun ロケ地,15,1,6.67%,9
1644,雨の日の 素敵な過ごし方,1,1,100%,14
1645,サンルーム 1階,1,1,100%,32
1646,庭 タープ ポール,1,1,100%,4
1647,バーベキューできる家,1,1,100%,22
1648,アウトドアグッズ 収納,40,1,2.50%,8
1649,ベランピング おしゃれ,3,1,33.33%,11
1650,テラス 虫,40,1,2.50%,1
1651,自宅 タープ,3,1,33.33%,6
1652,ハンモック ベランダ 手すり,1,1,100%,21
1653,子供部屋 使うまで,1,1,100%,57
1654,外 こたつ,1,1,100%,3
1655,庭 暖房,1,1,100%,1
1656,鳩 ベランダ 掃除,3,1,33.33%,1
1657,鳥 糞 対策,1,1,100%,23
1658,ひものテラス,30,1,3.33%,16
1659,キャンプ ラグ,54,1,1.85%,40
1660,家で女子会 料理,1,1,100%,16
1661,スキレット 蒸し焼き,1,1,100%,22
1662,テラス プール 自宅,10,1,10%,3
1663,水中ウォーキング 後ろ歩き,1,1,100%,28
1664,ベランピング 屋根,1,1,100%,10
1665,虫 ベランダ 寄せ付けない,5,1,20%,4
1666,屋上 夜,1,1,100%,3
1667,アジ 干物 作り方 冬,1,1,100%,22
1668,ロー家具 インテリア,2,1,50%,5
1669,雪 早く溶かす,1,1,100%,26
1670,おうちサウナ,2,1,50%,38
1671,インテリア 素敵,5,1,20%,23
1672,生活音 対策,1,1,100%,11
1673,クーラーボックス 収納方法,18,1,5.56%,5
1674,バルコニー 間接照明,2,1,50%,9
1675,ベランピング サンシェード,1,1,100%,21
1676,プール 遊び,3,1,33.33%,10
1677,ホームパーティー おしゃれ,7,1,14.29%,2
1678,ウッドデッキ 遊び方,3,1,33.33%,18
1679,生活音 防音対策,4,1,25%,5
1680,風が強い キャンプ,3,1,33.33%,7
1681,雨の日 楽しいこと,1,1,100%,32
1682,建売住宅 東京,1,1,100%,81
1683,子供のおもちゃ 片付かない,6,1,16.67%,10
1684,ウッドデッキ タープ diy,2,1,50%,28
1685,ウッドデッキ リゾート,30,1,3.33%,3
1686,自宅 駐車場 タープ,1,1,100%,5
1687,ゴルフ 自宅練習,6,1,16.67%,41
1688,家の中でサッカー,1,1,100%,11
1689,鳩 ローズマリー,1,1,100%,41
1690,一軒家 bbq,1,1,100%,4
1691,登山 マグカップ,2,1,50%,30
1692,家の中 テント 子供,1,1,100%,34
1693,テラスヒーター,4,1,25%,7
1694,ドッグラン 床,7,1,14.29%,8
1695,サウナ 設置,16,1,6.25%,12
1696,リビング 間取り レイアウト,1,1,100%,30
1697,キャンプ 朝食 冬,11,1,9.09%,10
1698,お家女子会 料理,1,1,100%,16
1699,鳩 撃退 屋根,2,1,50%,5
1700,タイルデッキ タープ,1,1,100%,40
1701,くつろげるリビングダイニング,2,1,50%,21
1702,キャンプ 天体観測 道具,3,1,33.33%,13
1703,タープ 常設,19,1,5.26%,10
1704,シェラカップ 普段使い,4,1,25%,14
1705,パーティー 家,12,1,8.33%,10
1706,バーベキュー チーズ,4,1,25%,20
1707,インテリア クールモダン,9,1,11.11%,3
1708,家に虫を寄せ付けない方法,7,1,14.29%,13
1709,ベランダ 鳥のフン,6,1,16.67%,8
1710,テント 色 暑さ,1,1,100%,32
1711,自宅 焚き火,1,1,100%,28
1712,サンルーム 家の中,13,1,7.69%,8
1713,おしゃれ ホームパーティー,23,1,4.35%,5
1714,サウナ 屋外用,1,1,100%,18
1715,庭 風対策,1,1,100%,8
1716,芝生 屋上,3,1,33.33%,2
1717,プライベート サウナ,1,1,100%,14
1718,屋上に部屋を作る,1,1,100%,13
1719,マンション 防音対策 床,2,1,50%,23
1720,sdgs 取り組み,14,1,7.14%,144
1721,パーティー 自宅,1,1,100%,4
1722,ロッキングチェア メリット,1,1,100%,31
1723,カルビ 漬け込み 一晩,1,1,100%,19
1724,屋上 カフェ,4,1,25%,13
1725,家 アイスコーヒー,4,1,25%,9
1726,ホテルみたいなインテリア,1,1,100%,15
1727,ビニールハウス サウナ,2,1,50%,12
1728,バーベキュー 庭 屋根,1,1,100%,7
1729,屋上ベランダ,4,1,25%,5
1730,屋上 オシャレ,2,1,50%,7
1731,庭 屋根,1,1,100%,36
1732,子供 おもちゃ 多すぎ,1,1,100%,13
1733,お肉 下ごしらえ,25,1,4%,8
1734,虫除け 外置き,1,1,100%,11
1735,ビニールプール 砂場,1,1,100%,18
1736,太陽光発電 寿命,5,1,20%,37
1737,自宅 バーベキューコンロ,1,1,100%,15
1738,鳩の糞害,4,1,25%,7
1739,ホームパーティー 用意するもの,1,1,100%,7
1740,上質感とは,1,1,100%,10
1741,鳩 対策 屋根,2,1,50%,6
1742,サンルーム 戸建て,17,1,5.88%,10
1743,山道具 収納 おしゃれ,1,1,100%,34
1744,戸建て バーベキュー,1,1,100%,21
1745,自宅 ホテル,1,1,100%,10
1746,テラス 椅子 雨,7,1,14.29%,4
1747,クーラーボックス 保管場所,24,1,4.17%,5
1748,虫 活動時間,1,1,100%,41
1749,アフタヌーンティー 自宅で,25,1,4%,9
1750,肉漬け込み,2,1,50%,13
1751,ささみ バーベキュー,1,1,100%,16
1752,焚き火 消し方,2,1,50%,31
1753,インテリア ヒント,36,1,2.78%,10
1754,防音 家具,1,1,100%,16
1755,ウッドデッキ 風よけ,1,1,100%,26
1756,リビング 寝転がる インテリア,1,1,100%,18
1757,家の中でサッカー練習,1,1,100%,8
1758,バーベキューセット 収納場所,4,1,25%,8
1759,ワークスペース 奥行き,2,1,50%,7
1760,猫 テラス,1,1,100%,9
1761,虫除け おすすめ 屋外,1,1,100%,22
1762,ダッチオーブン 蓋 料理,16,1,6.25%,7
1763,戸建て サンルーム,1,1,100%,9
1764,コストコ 遊具 台風,2,1,50%,22
1765,野外シアター,1,1,100%,19
1766,キャンプ パン 作り方,8,1,12.50%,10
1767,煙が出ない炭,1,1,100%,23
1768,プール 週1 気分転換,2,1,50%,7
1769,屋上 囲い,1,1,100%,14
1770,naming lights,3,1,33.33%,3
1771,ウッドデッキ 置くだけ 台風,14,1,7.14%,17
1772,屋根 屋上 違い,3,1,33.33%,9
1773,天体観測 家,2,1,50%,8
1774,三角タープ 張り方,1,1,100%,23
1775,バーベキューレシピ 子供,3,1,33.33%,19
1776,ワンポット 料理,4,1,25%,6
1777,マンションの屋上に行きたい,1,1,100%,20
1778,ロータスグリル 炭 おすすめ,1,1,100%,7
1779,鳩 ハーブ,1,1,100%,9
1780,鳥のふん 洗剤,1,1,100%,2
1781,雨 雰囲気,2,1,50%,6
1782,露天風呂 作る 費用,1,1,100%,1
